BIN,Company,OKED,Activity,KATO,Locality,KRP,Size
020140001689,"АО ""УНИВЕРСИТЕТ КАЗГЮУ""",85420,Высшее образование,711210000,"г. Астана РАЙОН ""ЕСИЛЬ""",310,501-1000
020140015371,"РЕСПУБЛИКАНСКОЕ ГОСУДАРСТВЕННОЕ УЧРЕЖДЕНИЕ ""КАЗАХСТАНСКИЙ МИРОТВОРЧЕСКИЙ БАТАЛЬОН"" МИНИСТЕРСТВА ОБОРОНЫ РЕСПУБЛИКИ КАЗАХСТАН",84220,Оборонная деятельность,191610000,Алматинская область г. КАПЧАГАЙ,310,501-1000
020940003298,"ТОО ""ОХРАННАЯ ФИРМА ""ФЕНИКС""",80100,Деятельность частных охранных служб,751110000,г. Алматы АЛМАЛИНСКИЙ РАЙОН,305,251-500
041241009461,ЗАПАДНЫЙ ФИЛИАЛ ПО РЕМОНТУ ПАССАЖИРСКИХ ВАГОНОВ,33171,Ремонт подвижного состава железных дорог,151010000,Актюбинская область г. АКТОБЕ,305,251-500
070240006117,"КОММУНАЛЬНОЕ ГОСУДАРСТВЕННОЕ ПРЕДПРИЯТИЯ НА ПРАВЕ ХОЗЯЙСТВЕННОГО ВЕДЕНИЯ ""ИСАТАЙСКАЯ ЦЕНТРАЛЬНАЯ РАЙОННАЯ БОЛЬНИЦА"" УПРАВЛЕНИЯ ЗДРАВООХРАНЕНИЯ АТЫРАУСКОЙ ОБЛАСТИ",86101,Деятельность больниц широкого профиля и специализированных больниц,234230100,Атырауская область с. АККИСТАУ,305,251-500
080440003924,"ГОСУДАРСТВЕННОЕ КОММУНАЛЬНОЕ ПРЕДПРИЯТИЕ НА ПРАВЕ ХОЗЯЙСТВЕННОГО ВЕДЕНИЯ ""КЫЗЫЛОРДИНСКАЯ ГОРОДСКАЯ БОЛЬНИЦА"" УПРАВЛЕНИЯ ЗДРАВООХРАНЕНИЯ КЫЗЫЛОРДИНСКОЙ ОБЛАСТИ""",86101,Деятельность больниц широкого профиля и специализированных больниц,431010000,Кызылординская область г. КЫЗЫЛОРДА,305,251-500
081040002032,"ГОСУДАРСТВЕННОЕ УЧРЕЖДЕНИЕ ""ЛИНЕЙНОЕ УПРАВЛЕНИЕ ВНУТРЕННИХ ДЕЛ НА СТАНЦИИ АСТАНА ДЕПАРТАМЕНТА ВНУТРЕННИХ ДЕЛ НА ТРАНСПОРТЕ МИНИСТЕРСТВА ВНУТРЕННИХ ДЕЛ РЕСПУБЛИКИ КАЗАХСТАН""",84240,Деятельность по обеспечению общественного порядка и безопасности,711310000,"г. Астана РАЙОН ""САРЫАРКА""",305,251-500
090240022698,"ГОСУДАРСТВЕННОЕ УЧРЕЖДЕНИЕ ""УПРАВЛЕНИЕ ВНУТРЕННИХ ДЕЛ РАЙОНА ""АЛМАТЫ"" ДЕПАРТАМЕНТА ВНУТРЕННИХ ДЕЛ ГОРОДА АСТАНЫ""",84240,Деятельность по обеспечению общественного порядка и безопасности,711110000,"г. Астана РАЙОН ""АЛМАТЫ""",305,251-500
090540001011,"АО ""МЕЖДУНАРОДНАЯ ОБРАЗОВАТЕЛЬНАЯ КОРПОРАЦИЯ""",85420,Высшее образование,751410000,г. Алматы БОСТАНДЫКСКИЙ РАЙОН,305,251-500
090840008703,"ГОСУДАРСТВЕННОЕ КОММУНАЛЬНОЕ КАЗЕННОЕ ПРЕДПРИЯТИЕ ""ДВОРЕЦ МИРА И СОГЛАСИЯ"" АКИМАТА ГОРОДА АСТАНЫ",90040,Деятельность концертных и театральных залов,711110000,"г. Астана РАЙОН ""АЛМАТЫ""",305,251-500
091041017098,"ФИЛИАЛ ""АСТАНИНСКОЕ ЛОКОМОТИВОРЕМОНТНОЕ ДЕПО"" ТОВАРИЩЕСТВА С ОГРАНИЧЕННОЙ ОТВЕТСТВЕННОСТЬЮ ""ҚАМҚОР ЛОКОМОТИВ""",33171,Ремонт подвижного состава железных дорог,711310000,"г. Астана РАЙОН ""САРЫАРКА""",310,501-1000
120841015670,"ФИЛИАЛ РЕСПУБЛИКАНСКОГО ГОСУДАРСТВЕННОГО ПРЕДПРИЯТИЯ НА ПРАВЕ ХОЗЯЙСТВЕННОГО ВЕДЕНИЯ ""КАЗГИДРОМЕТ"" МИНИСТЕРСТВА ЭНЕРГЕТИКИ РЕСПУБЛИКИ КАЗАХСТАН ПО КАРАГАНДИНСКОЙ ОБЛАСТИ",74901,Деятельность гидрометеорологической службы,351013100,Карагандинская область РАЙОН ИМ.КАЗЫБЕК БИ,305,251-500
130441024667,"ФИЛИАЛ ""ИНСТИТУТ АТОМНОЙ ЭНЕРГИИ"" РЕСПУБЛИКАНСКОГО ГОСУДАРСТВЕННОГО ПРЕДПРИЯТИЯ НА ПРАВЕ ХОЗЯЙСТВЕННОГО ВЕДЕНИЯ ""НАЦИОНАЛЬНЫЙ ЯДЕРНЫЙ ЦЕНТР РЕСПУБЛИКИ КАЗАХСТАН"" МИНИСТЕРСТВА ЭНЕРГЕТИКИ РЕСПУБЛИКИ КАЗАХСТАН",72190,Прочие исследования и разработки в области естественных наук и инженерии,632210000,Восточно-Казахстанская область г. КУРЧАТОВ,310,501-1000
141241019132,"ФИЛИАЛ АКЦИОНЕРНОГО ОБЩЕСТВА ""НАЦИОНАЛЬНЫЙ МЕДИЦИНСКИЙ ХОЛДИНГ"" ""ЦЕНТР ДИАГНОСТИКИ""",86101,Деятельность больниц широкого профиля и специализированных больниц,711210000,"г. Астана РАЙОН ""ЕСИЛЬ""",310,501-1000
141241020825,"ФИЛИАЛ АКЦИОНЕРНОГО ОБЩЕСТВА ""НАЦИОНАЛЬНЫЙ МЕДИЦИНСКИЙ ХОЛДИНГ"" ""ЦЕНТР ОНКОЛОГИИ И ТРАНСПЛАНТОЛОГИИ""",86101,Деятельность больниц широкого профиля и специализированных больниц,711210000,"г. Астана РАЙОН ""ЕСИЛЬ""",311,от 1001
141241020850,"ФИЛИАЛ АКЦИОНЕРНОГО ОБЩЕСТВА ""НАЦИОНАЛЬНЫЙ МЕДИЦИНСКИЙ ХОЛДИНГ"" ""ЦЕНТР РЕАБИЛИТАЦИИ""",86101,Деятельность больниц широкого профиля и специализированных больниц,711210000,"г. Астана РАЙОН ""ЕСИЛЬ""",311,от 1001
861240000017,ГОСУДАРСТВЕННОЕ КОММУНАЛЬНОЕ СПЕЦИАЛИЗИРОВАННОЕ АВТОТРАНСПОРТНОЕ ПРЕДПРИЯТИЕ СКОРОЙ МЕДИЦИНСКОЙ ПОМОЩИ НА ПРАВЕ ХОЗЯЙСТВЕННОГО ВЕДЕНИЯ УПРАВЛЕНИЯ ЗДРАВООХРАНЕНИЯ ГОРОДА АЛМАТЫ,52291,Транспортно-экспедиционные услуги,751110000,г. Алматы АЛМАЛИНСКИЙ РАЙОН,311,от 1001
941240000718,"ГОСУДАРСТВЕННОЕ КОММУНАЛЬНОЕ ПРЕДПРИЯТИЕ НА ПРАВЕ ХОЗЯЙСТВЕННОГО ВЕДЕНИЯ ""ГОРОДСКАЯ СТАНЦИЯ СКОРОЙ МЕДИЦИНСКОЙ ПОМОЩИ"" АКИМАТА ГОРОДА АСТАНЫ",86900,Прочая деятельность по охране здоровья,711310000,"г. Астана РАЙОН ""САРЫАРКА""",311,от 1001
950240000415,"РЕСПУБЛИКАНСКОЕ ГОСУДАРСТВЕННОЕ УЧРЕЖДЕНИЕ ""НАЦИОНАЛЬНАЯ БИБЛИОТЕКА РЕСПУБЛИКИ КАЗАХСТАН"" МИНИСТЕРСТВА КУЛЬТУРЫ И СПОРТА РЕСПУБЛИКИ КАЗАХСТАН",91012,"Библиотечная деятельность, включая деятельность читальных залов, лекториев, демонстрационных залов",751410000,г. Алматы БОСТАНДЫКСКИЙ РАЙОН,305,251-500
950440001475,"КОММУНАЛЬНОЕ ГОСУДАРСТВЕННОЕ КАЗЕННОЕ ПРЕДПРИЯТИЕ ""ОБЛАСТНОЙ ПРОТИВОТУБЕРКУЛЕЗНЫЙ ДИСПАНСЕР"" УПРАВЛЕНИЯ ЗДРАВООХРАНЕНИЯ КАРАГАНДИНСКОЙ ОБЛАСТИ",86109,"Деятельность других лечебных учреждений, имеющих стационары",351011100,Карагандинская область ОКТЯБРЬСКИЙ РАЙОН,310,501-1000
950740000676,"РЕСПУБЛИКАНСКОЕ ГОСУДАРСТВЕННОЕ УЧРЕЖДЕНИЕ ""КАРАГАНДИНСКАЯ АКАДЕМИЯ МИНИСТЕРСТВА ВНУТРЕННИХ ДЕЛ РЕСПУБЛИКИ КАЗАХСТАН ИМЕНИ БАРИМБЕКА БЕЙСЕНОВА""",85420,Высшее образование,351013100,Карагандинская область РАЙОН ИМ.КАЗЫБЕК БИ,305,251-500
970540012150,ГЛАВНОЕ УПРАВЛЕНИЕ РАССЛЕДОВАНИЯ ОРГАНИЗОВАННОЙ ПРЕСТУПНОСТИ И КОРРУПЦИИ ГОСУДАРСТВЕННОГО СЛЕДСТВЕННОГО КОМИТЕТА РЕСПУБЛИКИ КАЗАХСТАН,84111,Деятельность республиканских органов управления,751110000,г. Алматы АЛМАЛИНСКИЙ РАЙОН,305,251-500
990140002330,"КОММУНАЛЬНОЕ ГОСУДАРСТВЕННОЕ ПРЕДПРИЯТИЕ ""ЦЕНТРАЛЬНАЯ БОЛЬНИЦА ГОРОДА ТЕМИРТАУ"" УПРАВЛЕНИЯ ЗДРАВООХРАНЕНИЯ КАРАГАНДИНСКОЙ ОБЛАСТИ",86101,Деятельность больниц широкого профиля и специализированных больниц,352410000,Карагандинская область г. ТЕМИРТАУ,310,501-1000
990240001722,"РЕСПУБЛИКАНСКОЕ ГОСУДАРСТВЕННОЕ ПРЕДПРИЯТИЕ НА ПРАВЕ ХОЗЯЙСТВЕННОГО ВЕДЕНИЯ ""НАЦИОНАЛЬНЫЙ ЯДЕРНЫЙ ЦЕНТР РЕСПУБЛИКИ КАЗАХСТАН"" МИНИСТЕРСТВА ЭНЕРГЕТИКИ РЕСПУБЛИКИ КАЗАХСТАН",72190,Прочие исследования и разработки в области естественных наук и инженерии,632210000,Восточно-Казахстанская область г. КУРЧАТОВ,311,от 1001
990340005977,"РЕСПУБЛИКАНСКОЕ ГОСУДАРСТВЕННОЕ ПРЕДПРИЯТИЕ ""ЦЕНТРАЛЬНАЯ КЛИНИЧЕСКАЯ БОЛЬНИЦА МЕДИЦИНСКОГО ЦЕНТРА УПРАВЛЕНИЯ ДЕЛАМИ ПРЕЗИДЕНТА РЕСПУБЛИКИ КАЗАХСТАН"" НА ПРАВЕ ХОЗЯЙСТВЕННОГО ВЕДЕНИЯ",86101,Деятельность больниц широкого профиля и специализированных больниц,751110000,г. Алматы АЛМАЛИНСКИЙ РАЙОН,311,от 1001
990440002629,"РЕСПУБЛИКАНСКОЕ ГОСУДАРСТВЕННОЕ ПРЕДПРИЯТИЕ НА ПРАВЕ ХОЗЯЙСТВЕННОГО ВЕДЕНИЯ ""ИНСТИТУТ ГЕОФИЗИЧЕСКИХ ИССЛЕДОВАНИЙ"" МИНИСТЕРСТВА ЭНЕРГЕТИКИ РЕСПУБЛИКИ КАЗАХСТАН",72190,Прочие исследования и разработки в области естественных наук и инженерии,632210000,Восточно-Казахстанская область г. КУРЧАТОВ,310,501-1000
990540002276,"РЕСПУБЛИКАНСКОЕ ГОСУДАРСТВЕННОЕ ПРЕДПРИЯТИЕ НА ПРАВЕ ХОЗЯЙСТВЕННОГО ВЕДЕНИЯ ""КАЗГИДРОМЕТ"" МИНИСТЕРСТВА ЭНЕРГЕТИКИ РЕСПУБЛИКИ КАЗАХСТАН",74901,Деятельность гидрометеорологической службы,711210000,"г. Астана РАЙОН ""ЕСИЛЬ""",311,от 1001
БИН,Наименование организации,ОКЭД,Вид деятельности предприятия,КАТО,Населённый пункт,КРП,Число занятых а организации
000240004059,"РЕСПУБЛИКАНСКОЕ ГОСУДАРСТВЕННОЕ УЧРЕЖДЕНИЕ ""УРАЛЬСКАЯ ПРОТИВОЧУМНАЯ СТАНЦИЯ"" КОМИТЕТА ПО ЗАЩИТЕ ПРАВ ПОТРЕБИТЕЛЕЙ МИНИСТЕРСТВА НАЦИОНАЛЬНОЙ ЭКОНОМИКИ РЕСПУБЛИКИ КАЗАХСТАН",71201,Деятельность санитарно-эпидемиологических учреждений,271010000,Западно-Казахстанская область г. УРАЛЬСК,215,101-150
000540001431,"КОММУНАЛЬНОЕ ГОСУДАРСТВЕННОЕ УЧРЕЖДЕНИЕ ""ОТРАДНЕНСКОЕ УЧРЕЖДЕНИЕ ЛЕСНОГО ХОЗЯЙСТВА УПРАВЛЕНИЯ ПРИРОДНЫХ РЕСУРСОВ И РЕГУЛИРОВАНИЯ ПРИРОДОПОЛЬЗОВАНИЯ АКМОЛИНСКОЙ ОБЛАСТИ""",84120,"Регулирование деятельности учреждений, обеспечивающих медицинское обслуживание, образование, культурное обслуживание и другие социальные услуги, кроме социального обеспечения",114031100,Акмолинская область с. ВОЗНЕСЕНКА,225,201-250
010340003046,ГОСУДАРСТВЕННЫЙ ФОНД РАЗВИТИЯ МОЛОДЁЖНОЙ ПОЛИТИКИ ГОРОДА АЛМАТЫ,84120,"Регулирование деятельности учреждений, обеспечивающих медицинское обслуживание, образование, культурное обслуживание и другие социальные услуги, кроме социального обеспечения",751410000,г. Алматы БОСТАНДЫКСКИЙ РАЙОН,215,101-150
030140004080,"ГОСУДАРСТВЕННОЕ КОММУНАЛЬНОЕ КАЗЕННОЕ ПРЕДПРИЯТИЕ ""ШКОЛА ВЫСШЕГО СПОРТИВНОГО МАСТЕРСТВА"" УПРАВЛЕНИЯ ФИЗИЧЕСКОЙ КУЛЬТУРЫ И СПОРТА ГОРОДА АЛМАТЫ",93190,Прочая деятельность в области спорта,751410000,г. Алматы БОСТАНДЫКСКИЙ РАЙОН,215,101-150
030440002431,РЕСПУБЛИКАНСКОЕ ГОСУДАРСТВЕННОЕ УЧРЕЖДЕНИЕ “ДЕПАРТАМЕНТ ПО ЗАЩИТЕ ПРАВ ПОТРЕБИТЕЛЕЙ ГОРОДА АСТАНЫ КОМИТЕТА ПО ЗАЩИТЕ ПРАВ ПОТРЕБИТЕЛЕЙ МИНИСТЕРСТВА НАЦИОНАЛЬНОЙ ЭКОНОМИКИ РЕСПУБЛИКИ КАЗАХСТАН”,84113,Деятельность местных органов управления,711310000,"г. Астана РАЙОН ""САРЫАРКА""",220,151-200
040540003287,"РЕСПУБЛИКАНСКОЕ ГОСУДАРСТВЕННОЕ УЧРЕЖДЕНИЕ ""НАЦИОНАЛЬНАЯ АКАДЕМИЧЕСКАЯ БИБЛИОТЕКА РЕСПУБЛИКИ КАЗАХСТАН В ГОРОДЕ АСТАНЕ"" МИНИСТЕРСТВА КУЛЬТУРЫ И СПОРТА РЕСПУБЛИКИ КАЗАХСТАН",91012,"Библиотечная деятельность, включая деятельность читальных залов, лекториев, демонстрационных залов",711210000,"г. Астана РАЙОН ""ЕСИЛЬ""",220,151-200
050140009808,"РЕСПУБЛИКАНСКОЕ ГОСУДАРСТВЕННОЕ КАЗЕННОЕ ПРЕДПРИЯТИЕ ""ЦЕНТРАЛЬНЫЙ КЛИНИЧЕСКИЙ ГОСПИТАЛЬ ДЛЯ ИНВАЛИДОВ ОТЕЧЕСТВЕННОЙ ВОЙНЫ"" МИНИСТЕРСТВА ЗДРАВООХРАНЕНИЯ И СОЦИАЛЬНОГО РАЗВИТИЯ РЕСПУБЛИКИ КАЗАХСТАН",86101,Деятельность больниц широкого профиля и специализированных больниц,711310000,"г. Астана РАЙОН ""САРЫАРКА""",225,201-250
051040005297,"КОММУНАЛЬНОЕ ГОСУДАРСТВЕННОЕ УЧРЕЖДЕНИЕ ""СРЕДНЯЯ ШКОЛА ИМЕНИ НАУРЫЗБАЙ БАТЫРА КУТПАНБЕТУЛЫ С ДОШКОЛЬНЫМ МИНИ ЦЕНТРОМ"" ГОСУДАРСТВЕННОГО УЧРЕЖДЕНИЯ ""ОТДЕЛА ОБРАЗОВАНИЯ ЖАМБЫЛСКОГО РАЙОНА АЛМАТИНСКОЙ ОБЛАСТИ""",85310,Основное и общее среднее образование,194230100,Алматинская область с. УЗЫНАГАШ,215,101-150
060540002193,"ТОО ""БИЗНЕС ПАРТНЕР КОНСАЛТ""",69101,Деятельность коллегий и юридических консультаций адвокатов (включая частно-практикующих адвокатов),751110000,г. Алматы АЛМАЛИНСКИЙ РАЙОН,215,101-150
060940003205,"ТОО ""СЕРВИСНЫЙ ЦЕНТР ""КАЗТУРБОРЕМОНТ""",32999,Производство прочих изделий,711210000,"г. Астана РАЙОН ""ЕСИЛЬ""",215,101-150
070640006499,"РЕСПУБЛИКАНСКОЕ ГОСУДАРСТВЕННОЕ КАЗЕННОЕ ПРЕДПРИЯТИЕ ""ЦЕНТР ОЛИМПИЙСКОЙ ПОДГОТОВКИ ПО ВЕЛОСИПЕДНОМУ СПОРТУ"" КОМИТЕТА ПО ДЕЛАМ СПОРТА И ФИЗИЧЕСКОЙ КУЛЬТУРЫ МИНИСТЕРСТВА КУЛЬТУРЫ И СПОРТА РЕСПУБЛИКИ КАЗАХСТАН",85510,Спортивное образование и образование специалистов организации досуга,711210000,"г. Астана РАЙОН ""ЕСИЛЬ""",220,151-200
081141015142,АСТАНИНСКИЙ ФИЛИАЛ ТОВАРИЩЕСТВА С ОГРАНИЧЕННОЙ ОТВЕТСТВЕННОСТЬЮ “КУЗЕТ”,80100,Деятельность частных охранных служб,711110000,"г. Астана РАЙОН ""АЛМАТЫ""",220,151-200
090241014533,ФИЛИАЛ ТОВАРИЩЕСТВА С ОГРАНИЧЕННОЙ ОТВЕТСТВЕННОСТЬЮ “РАДУГА” В ГОРОДЕ АСТАНА,46909,Оптовая торговля широким ассортиментом товаров без какой-либо конкретизации,711110000,"г. Астана РАЙОН ""АЛМАТЫ""",215,101-150
100240001382,"ОБЩЕСТВЕННОЕ ОБЪЕДИНЕНИЕ ""РЕСПУБЛИКАНСКАЯ СЕТЬ НЕЗАВИСИМЫХ НАБЛЮДАТЕЛЕЙ""",94990,"Деятельность прочих общественных организаций, не включенных в другие группировки",751510000,г. Алматы ЖЕТЫСУСКИЙ РАЙОН,225,201-250
100440006599,"ОБЩЕСТВЕННОЕ ОБЪЕДИНЕНИЕ ""ФЕДЕРАЦИЯ ВУДБОЛА""",94990,"Деятельность прочих общественных организаций, не включенных в другие группировки",751110000,г. Алматы АЛМАЛИНСКИЙ РАЙОН,215,101-150
101040002465,"РЕСПУБЛИКАНСКОЕ ОБЩЕСТВЕННОЕ ОБЪЕДИНЕНИЕ ""АССОЦИАЦИЯ ГАСТРОЭНТЕРОЛОГОВ""",94990,"Деятельность прочих общественных организаций, не включенных в другие группировки",711310000,"г. Астана РАЙОН ""САРЫАРКА""",215,101-150
101241012782,"ФИЛИАЛ РЕСПУБЛИКАНСКОГО ГОСУДАРСТВЕННОГО ПРЕДПРИЯТИЯ НА ПРАВЕ ХОЗЯЙСТВЕННОГО ВЕДЕНИЯ ""ИНФОРМАЦИОННО ВЫЧИСЛИТЕЛЬНЫЙ ЦЕНТР КОМИТЕТА ПО СТАТИСТИКЕ МИНИСТЕРСТВА НАЦИОНАЛЬНОЙ ЭКОНОМИКИ РЕСПУБЛИКИ КАЗАХСТАН"" В ГОРОДЕ АЛМАТЫ",63110,Услуги по размещению и переработке данных и другие услуги,751110000,г. Алматы АЛМАЛИНСКИЙ РАЙОН,215,101-150
110940011169,"ОБЩЕСТВЕННОЕ ОБЪЕДИНЕНИЕ ""КАЗАХСТАНСКАЯ АССОЦИАЦИЯ МУЗЕЕВ""",94990,"Деятельность прочих общественных организаций, не включенных в другие группировки",711210000,"г. Астана РАЙОН ""ЕСИЛЬ""",215,101-150
120141017969,КАЗАХСТАНСКИЙ ФИЛИАЛ ТОВАРИЩЕСТВА С ОГРАНИЧЕННОЙ ОТВЕТСТВЕННОСТЬЮ ПО СТРОИТЕЛЬНОМУ ПРОЕКТИРОВАНИЮ КИТАЙСКОЙ НЕФТЯНОЙ КОРПОРАЦИИ,43298,Прочие строительно-монтажные работы,151010000,Актюбинская область г. АКТОБЕ,215,101-150
120841016202,"ФИЛИАЛ РЕСПУБЛИКАНСКОГО ГОСУДАРСТВЕННОГО ПРЕДПРИЯТИЯ НА ПРАВЕ ХОЗЯЙСТВЕННОГО ВЕДЕНИЯ ""КАЗГИДРОМЕТ"" МИНИСТЕРСТВА ЭНЕРГЕТИКИ РЕСПУБЛИКИ КАЗАХСТАН ПО АТЫРАУСКОЙ ОБЛАСТИ",74901,Деятельность гидрометеорологической службы,231010000,Атырауская область г. АТЫРАУ,215,101-150
130441025080,"ФИЛИАЛ ""БАЙКАЛ"" РЕСПУБЛИКАНСКОГО ГОСУДАРСТВЕННОГО ПРЕДПРИЯТИЯ НА ПРАВЕ ХОЗЯЙСТВЕННОГО ВЕДЕНИЯ ""НАЦИОНАЛЬНЫЙ ЯДЕРНЫЙ ЦЕНТР РЕСПУБЛИКИ КАЗАХСТАН"" МИНИСТЕРСТВА ЭНЕРГЕТИКИ РЕСПУБЛИКИ КАЗАХСТАН",72190,Прочие исследования и разработки в области естественных наук и инженерии,632210000,Восточно-Казахстанская область г. КУРЧАТОВ,225,201-250
131040017240,ПАЛАТА ПРЕДПРИНИМАТЕЛЕЙ КАРАГАНДИНСКОЙ ОБЛАСТИ,94120,Деятельность профессиональных организаций,351013100,Карагандинская область РАЙОН ИМ.КАЗЫБЕК БИ,215,101-150
131040017964,ПАЛАТА ПРЕДПРИНИМАТЕЛЕЙ КОСТАНАЙСКОЙ ОБЛАСТИ,94990,"Деятельность прочих общественных организаций, не включенных в другие группировки",391010000,Костанайская область г. КОСТАНАЙ,215,101-150
131040020647,ПАЛАТА ПРЕДПРИНИМАТЕЛЕЙ ГОРОДА АЛМАТЫ,94120,Деятельность профессиональных организаций,751110000,г. Алматы АЛМАЛИНСКИЙ РАЙОН,215,101-150
140841011225,"АСТАНИНСКИЙ ФИЛИАЛ РЕСПУБЛИКАНСКОГО ОБЩЕСТВЕННОГО ОБЪЕДИНЕНИЯ ""КАЗАХСТАНСКОЕ РАДИОЛОГИЧЕСКОЕ ОБЩЕСТВО""",86900,Прочая деятельность по охране здоровья,711110000,"г. Астана РАЙОН ""АЛМАТЫ""",215,101-150
141040016948,"ГОСУДАРСТВЕННОЕ УЧРЕЖДЕНИЕ ""ДЕПАРТАМЕНТ АГЕНТСТВА РЕСПУБЛИКИ КАЗАХСТАН ПО ДЕЛАМ ГОСУДАРСТВЕННОЙ СЛУЖБЫ И ПРОТИВОДЕЙСТВИЮ КОРРУПЦИИ ПО АЛМАТИНСКОЙ ОБЛАСТИ""",84112,Деятельность региональных органов управления,191010000,Алматинская область г. ТАЛДЫКОРГАН,215,101-150
141040018607,"РЕСПУБЛИКАНСКОЕ ГОСУДАРСТВЕННОЕ УЧРЕЖДЕНИЕ ""ДЕПАРТАМЕНТ АГЕНТСТВА РЕСПУБЛИКИ КАЗАХСТАН ПО ДЕЛАМ ГОСУДАРСТВЕННОЙ СЛУЖБЫ И ПРОТИВОДЕЙСТВИЮ КОРРУПЦИИ ПО АКТЮБИНСКОЙ ОБЛАСТИ""",84112,Деятельность региональных органов управления,151010000,Актюбинская область г. АКТОБЕ,215,101-150
150640017065,"ТОО ""EXPORATION PRODUCTION ""ALMEX""",71122,Деятельность по проведению геологической разведки и изысканий (без научных исследований и разработок),751410000,г. Алматы БОСТАНДЫКСКИЙ РАЙОН,225,201-250
150640018310,"АО ""PARTNER INVEST KZ""",64990,"Другие виды финансовых услуг, за исключением услуг страховых и пенсионных фондов, не отнесенные к прочим группировкам",751310000,г. Алматы АУЭЗОВСКИЙ РАЙОН,225,201-250
150640019953,"АО ""HOLDING-ASIAOILGAS""",96090,"Предоставление прочих услуг, не включенных в другие группировки",117020100,Акмолинская область г. ЩУЧИНСК,225,201-250
150640020917,"ТОО ""СПЕЦИАЛЬНАЯ ФИНАНСОВАЯ КОМПАНИЯ PRO COLLECT""",96090,"Предоставление прочих услуг, не включенных в другие группировки",751710000,г. Алматы МЕДЕУСКИЙ РАЙОН,225,201-250
150640021251,"ТОО ""ТОРГОВО-ПРОМЫШЛЕННАЯ КОМПАНИЯ ""БАРЫС""",23700,"Резка, обработка и отделка камня",711210000,"г. Астана РАЙОН ""ЕСИЛЬ""",225,201-250
150640021668,"ТОО ""САРАНЬТЕПЛОСЕРВИС"" АКИМАТА ГОРОДА САРАНИ",35303,Теплоснабжение,352210000,Карагандинская область г. САРАНЬ,220,151-200
150640021698,"АО ""KAZ AGRO PRODUCT-SEVER""",01290,Выращивание прочих многолетних культур,117020100,Акмолинская область г. ЩУЧИНСК,225,201-250
150640022011,"ТОО ""CACAO CENTRE""",10820,"Производство какао, шоколада и сахаристых кондитерских изделий",751310000,г. Алматы АУЭЗОВСКИЙ РАЙОН,225,201-250
150640022587,"ТОО ""RG SERVICE""",55101,Предоставление услуг гостиницами с ресторанами,751110000,г. Алматы АЛМАЛИНСКИЙ РАЙОН,225,201-250
150642020541,"ПРЕДСТАВИТЕЛЬСТВО ТОО ""KAZPACO"" (КАЗПАКО) В ГОРОДЕ ЕРЕЙМЕНТАУ",43999,"Прочие строительные работы, требующие специальных профессий",114620100,Акмолинская область г. ЕРЕЙМЕНТАУ,215,101-150
320140000029,"КОММУНАЛЬНОЕ ГОСУДАРСТВЕННОЕ УЧРЕЖДЕНИЕ ""СРЕДНЯЯ ШКОЛА ИМЕНИ НУРМОЛДЫ АЛДАБЕРГЕНОВА"" ГОСУДАРСТВЕННОГО УЧРЕЖДЕНИЯ ""ОТДЕЛ ОБРАЗОВАНИЯ КОКСУСКОГО РАЙОНА""",85310,Основное и общее среднее образование,194830100,Алматинская область с. БАЛПЫК БИ,215,101-150
890840000011,"КОММУНАЛЬНОЕ ГОСУДАРСТВЕННОЕ УЧРЕЖДЕНИЕ ""ЕНБЕКШИНСКАЯ СРЕДНЯЯ ШКОЛА С ДОШКОЛЬНЫМ МИНИ ЦЕНТРОМ"" ГОСУДАРСТВЕННОГО УЧРЕЖДЕНИЯ ""ОТДЕЛ ОБРАЗОВАНИЯ ПАНФИЛОВСКОГО РАЙОНА""",85310,Основное и общее среднее образование,195620100,Алматинская область г. ЖАРКЕНТ,215,101-150
950640000781,"КОММУНАЛЬНОЕ ГОСУДАРСТВЕННОЕ ПРЕДПРИЯТИЕ ""РУДНЕНСКИЙ ПЕРИНАТАЛЬНЫЙ ЦЕНТР"" УПРАВЛЕНИЯ ЗДРАВООХРАНЕНИЯ АКИМАТА КОСТАНАЙСКОЙ ОБЛАСТИ",86102,Деятельность родильных домов,392410000,Костанайская область г. РУДНЫЙ,225,201-250
960140013757,НАЦИОНАЛЬНОЕ АГЕНТСТВО ПО ДЕЛАМ ПЕЧАТИ И МАССОВОЙ ИНФОРМАЦИИ РЕСПУБЛИКИ КАЗАХСТАН,84111,Деятельность республиканских органов управления,751410000,г. Алматы БОСТАНДЫКСКИЙ РАЙОН,215,101-150
960440010882,"РЕСПУБЛИКАНСКОЕ ГОСУДАРСТВЕННОЕ ПРЕДПРИЯТИЕ НА ПРАВЕ ХОЗЯЙСТВЕННОГО ВЕДЕНИЯ ""КАЗВОЕНТОРГСНАБСБЫТ"" МИНИСТЕРСТВА ОБОРОНЫ РЕСПУБЛИКИ КАЗАХСТАН",14120,Производство спецодежды,751910000,г. Алматы ТУРКСИБСКИЙ РАЙОН,220,151-200
960840003488,ПРОИЗВОДСТВЕННЫЙ СЕЛЬСКОХОЗЯЙСТВЕННЫЙ КООПЕРАТИВ ИМЕНИ М ТУЛЕБАЕВА,01111,"Выращивание зерновых и зернобобовых культур, включая семеноводство",196051100,Алматинская область с. ИМ.М.ТУЛЕБАЕВА,220,151-200
961140012038,КОММУНАЛЬНОЕ ГОСУДАРСТВЕННОЕ ПРЕДПРИЯТИЕ КАРАЖАЛСКАЯ ТЕПЛОЭЛЕКТРОЦЕНТРАЛЬ,35111,Производство электроэнергии тепловыми электростанциями,352010000,Карагандинская область г. КАРАЖАЛ,215,101-150
961240003914,"КОММУНАЛЬНОЕ ГОСУДАРСТВЕННОЕ УЧРЕЖДЕНИЕ ""АМАНГЕЛЬДИНСКАЯ СРЕДНЯЯ ОБЩЕОБРАЗОВАТЕЛЬНАЯ ШКОЛА ОТДЕЛА ОБРАЗОВАНИЯ АКИМАТА АМАНГЕЛЬДИНСКОГО РАЙОНА""",85310,Основное и общее среднее образование,393430100,Костанайская область с. АМАНКЕЛЬДЫ,215,101-150
970140003494,"КОММУНАЛЬНОЕ ГОСУДАРСТВЕННОЕ УЧРЕЖДЕНИЕ ""СРЕДНЯЯ ШКОЛА ИМЕНИ АБАЯ"" ГОСУДАРСТВЕННОГО УЧРЕЖДЕНИЯ ""ОТДЕЛ ОБРАЗОВАНИЯ ПАНФИЛОВСКОГО РАЙОНА""",85310,Основное и общее среднее образование,195639100,Алматинская область с. КОКТАЛ,215,101-150
970640001288,"КОММУНАЛЬНОЕ ГОСУДАРСТВЕННОЕ УЧРЕЖДЕНИЕ ""УШАРАЛСКАЯ СРЕДНЯЯ ШКОЛА С ДОШКОЛЬНЫМ МИНИ ЦЕНТРОМ"" ГОСУДАРСТВЕННОГО УЧРЕЖДЕНИЯ ""ОТДЕЛ ОБРАЗОВАНИЯ ПАНФИЛОВСКОГО РАЙОНА""",85310,Основное и общее среднее образование,195657100,Алматинская область с. УШАРАЛ,215,101-150
970740002349,"КОММУНАЛЬНОЕ ГОСУДАРСТВЕННОЕ УЧРЕЖДЕНИЕ ""СРЕДНЯЯ ШКОЛА ИМЕНИ АСКАРА ИГИБАЕВА""",85310,Основное и общее среднее образование,594251100,Северо-Казахстанская область с. НИКОЛАЕВКА,215,101-150
970941003062,"АКТЮБИНСКИЙ ОБЛАСТНОЙ ФИЛИАЛ РЕСПУБЛИКАНСКОГО ГОСУДАРСТВЕННОГО КАЗЕННОГО ПРЕДПРИЯТИЯ ""ГОСУДАРСТВЕННЫЙ ЦЕНТР ПО ВЫПЛАТЕ ПЕНСИЙ МИНИСТЕРСТВА ЗДРАВООХРАНЕНИЯ И СОЦИАЛЬНОГО РАЗВИТИЯ РЕСПУБЛИКИ КАЗАХСТАН""",65301,Государственное пенсионное обеспечение,151010000,Актюбинская область г. АКТОБЕ,220,151-200
971040002287,"КОММУНАЛЬНОЕ ГОСУДАРСТВЕННОЕ УЧРЕЖДЕНИЕ ""БУЛДУРТИНСКАЯ СРЕДНЯЯ ОБЩЕОБРАЗОВАТЕЛЬНАЯ ШКОЛА СЫРЫМСКОГО РАЙОННОГО ОТДЕЛА ОБРАЗОВАНИЯ""",85310,Основное и общее среднее образование,275839100,Западно-Казахстанская область с. БУЛДУРТА,215,101-150
980241003217,"ГОРОДСКОЙ ФИЛИАЛ РЕСПУБЛИКАНСКОГО ГОСУДАРСТВЕННОГО КАЗЕННОГО ПРЕДПРИЯТИЯ ""ГОСУДАРСТВЕННЫЙ ЦЕНТР ПО ВЫПЛАТЕ ПЕНСИЙ МИНИСТЕРСТВА ЗДРАВООХРАНЕНИЯ И СОЦИАЛЬНОГО РАЗВИТИЯ РЕСПУБЛИКИ КАЗАХСТАН""",65301,Государственное пенсионное обеспечение,711110000,"г. Астана РАЙОН ""АЛМАТЫ""",215,101-150
980340002277,ПРОИЗВОДСТВЕННЫЙ КООПЕРАТИВ ИМЕНИ КУРМАНГАЗЫ,01450,Разведение овец и коз,234645100,Атырауская область с. ЖЫЛАНДЫ,215,101-150
980440000165,"ГОСУДАРСТВЕННОЕ УЧРЕЖДЕНИЕ ""ОТДЕЛ ВНУТРЕННИХ ДЕЛ ЗЫРЯНОВСКОГО РАЙОНА ДЕПАРТАМЕНТА ВНУТРЕННИХ ДЕЛ ВОСТОЧНО–КАЗАХСТАНСКОЙ ОБЛАСТИ МИНИСТЕРСТВА ВНУТРЕННИХ ДЕЛ РЕСПУБЛИКИ КАЗАХСТАН",84240,Деятельность по обеспечению общественного порядка и безопасности,634820100,Восточно-Казахстанская область г. ЗЫРЯНОВСК,225,201-250
980440002815,ПАВЛОДАРСКАЯ ОБЛАСТНАЯ КОЛЛЕГИЯ АДВОКАТОВ РЕСПУБЛИКИ КАЗАХСТАН,69101,Деятельность коллегий и юридических консультаций адвокатов (включая частно-практикующих адвокатов),551010000,Павлодарская область г. ПАВЛОДАР,220,151-200
980940015280,"ТОО ""АЙДАР""",46499,Оптовая торговля прочими непродовольственными товарами широкого потребления,751310000,г. Алматы АУЭЗОВСКИЙ РАЙОН,220,151-200
981140001105,РЕСПУБЛИКАНСКОЕ ГОСУДАРСТВЕННОЕ УЧРЕЖДЕНИЕ “УПРАВЛЕНИЕ ГОСУДАРСТВЕННЫХ ДОХОДОВ ПО АЛМАТИНСКОМУ РАЙОНУ ДЕПАРТАМЕНТА ГОСУДАРСТВЕННЫХ ДОХОДОВ ПО ГОРОДУ АСТАНЕ КОМИТЕТА ГОСУДАРСТВЕННЫХ ДОХОДОВ МИНИСТЕРСТВА ФИНАНСОВ РЕСПУБЛИКИ КАЗАХСТАН”,84115,"Деятельность, связанная с налогообложением",711110000,"г. Астана РАЙОН ""АЛМАТЫ""",215,101-150
981140009597,ГОСУДАРСТВЕННОЕ УЧРЕЖДЕНИЕ КОМИТЕТ ПО ОХРАНЕ ГОСУДАРСТВЕННОЙ ГРАНИЦЫ РЕСПУБЛИКИ КАЗАХСТАН МИНИСТЕРСТВА ОБОРОНЫ РЕСПУБЛИКИ КАЗАХСТАН,84240,Деятельность по обеспечению общественного порядка и безопасности,751110000,г. Алматы АЛМАЛИНСКИЙ РАЙОН,225,201-250
981241000999,"ЗАПАДНО –КАЗАХСТАНСКИЙ ОБЛАСТНОЙ ФИЛИАЛ РЕСПУБЛИКАНСКОГО ГОСУДАРСТВЕННОГО ПРЕДПРИЯТИЯ НА ПРАВЕ ХОЗЯЙСТВЕННОГО ВЕДЕНИЯ ""КАЗАХАВТОДОР"" МИНИСТЕРСТВА ПО ИНВЕСТИЦИЯМ И РАЗВИТИЮ РЕСПУБЛИКИ КАЗАХСТАН",42110,Строительство дорог и автомагистралей,271010000,Западно-Казахстанская область г. УРАЛЬСК,220,151-200
990140001421,"ГОСУДАРСТВЕННОЕ КОММУНАЛЬНОЕ ПРЕДПРИЯТИЕ ""ЭМБИНСКАЯ РАЙОННАЯ БОЛЬНИЦА"" НА ПРАВЕ ХОЗЯЙСТВЕННОГО ВЕДЕНИЯ ГОСУДАРСТВЕННОГО УЧРЕЖДЕНИЯ ""УПРАВЛЕНИЕ ЗДРАВООХРАНЕНИЯ АКТЮБИНСКОЙ ОБЛАСТИ""",86101,Деятельность больниц широкого профиля и специализированных больниц,154823100,Актюбинская область г. ЭМБА,225,201-250
990340006945,"ГОСУДАРСТВЕННОЕ КОММУНАЛЬНОЕ КАЗЕННОЕ ПРЕДПРИЯТИЕ ""СПЕЦИАЛИЗИРОВАННАЯ ШКОЛА ВЫСШЕГО СПОРТИВНОГО МАСТЕРСТВА"" УПРАВЛЕНИЯ ФИЗИЧЕСКОЙ КУЛЬТУРЫ И СПОРТА ГОРОДА АЛМАТЫ",93190,Прочая деятельность в области спорта,751310000,г. Алматы АУЭЗОВСКИЙ РАЙОН,215,101-150
991240003464,"КОММУНАЛЬНОЕ ГОСУДАРСТВЕННОЕ УЧРЕЖДЕНИЕ ""КОКТАЛЬСКАЯ СРЕДНЯЯ ШКОЛА С ДОШКОЛЬНЫМ МИНИ ЦЕНТРОМ"" ГОСУДАРСТВЕННОГО УЧРЕЖДЕНИЯ ""ОТДЕЛ ОБРАЗОВАНИЯ ПАНФИЛОВСКОГО РАЙОНА""",85310,Основное и общее среднее образование,195639100,Алматинская область с. КОКТАЛ,220,151-200
991241014722,ФИЛИАЛ В Г АЛМАТЫ РЕСПУБЛИКАНСКОГО ГОСУДАРСТВЕННОГО ПРЕДПРИЯТИЯ ЦЕНТРА ИНФОРМАТИЗАЦИИ ФИНАНСОВЫХ СИСТЕМ,62090,Другие виды деятельности в области информационных технологий и компьютерных систем,751110000,г. Алматы АЛМАЛИНСКИЙ РАЙОН,220,151-200
БИН,Наименование компании,ОКЭД,Вид деятельности предприятия,КАТО,Населённый пункт,КРП,Количество занятых на предприятии
000140002841,"ГОСУДАРСТВЕННОЕ КОММУНАЛЬНОЕ КАЗЕННОЕ ПРЕДПРИЯТИЕ ""ДЕТСКИЙ САД ""ИСКОРКА"" ГОСУДАРСТВЕННОГО УЧРЕЖДЕНИЯ ""ОТДЕЛ ОБРАЗОВАНИЯ ГОРОДА КАПШАГАЙ""",85100,Дошкольное (доначальное) образование,191610000,Алматинская область г. КАПЧАГАЙ,160,51-100
000140003166,"КОММУНАЛЬНОЕ ГОСУДАРСТВЕННОЕ УЧРЕЖДЕНИЕ ""ЖАНАМИНСКАЯ КАЗАХСКАЯ СРЕДНЯЯ ШКОЛА С ДОШКОЛЬНЫМ МИНИЦЕНТРОМ"" ГОСУДАРСТВЕННОГО УЧРЕЖДЕНИЯ ""ОТДЕЛ ОБРАЗОВАНИЯ АЛАКОЛЬСКОГО РАЙОНА""",85310,Основное и общее среднее образование,193451100,Алматинская область с. ЖАНАМА,160,51-100
000440001785,УРАЛЬСКОЕ ГОСУДАРСТВЕННОЕ УЧРЕЖДЕНИЕ ПО ОХРАНЕ ЛЕСОВ И ЖИВОТНОГО МИРА,84120,"Регулирование деятельности учреждений, обеспечивающих медицинское обслуживание, образование, культурное обслуживание и другие социальные услуги, кроме социального обеспечения",271010000,Западно-Казахстанская область г. УРАЛЬСК,160,51-100
000440001854,АКЖАИКСКОЕ ГОСУДАРСТВЕННОЕ УЧРЕЖДЕНИЕ ПО ОХРАНЕ ЛЕСОВ И ЖИВОТНОГО МИРА,84120,"Регулирование деятельности учреждений, обеспечивающих медицинское обслуживание, образование, культурное обслуживание и другие социальные услуги, кроме социального обеспечения",276233100,Западно-Казахстанская область с. АКЖАИК,160,51-100
000440001903,ЯНВАРЦЕВСКОЕ ГОСУДАРСТВЕННОЕ УЧРЕЖДЕНИЕ ПО ОХРАНЕ ЛЕСОВ И ЖИВОТНОГО МИРА,84120,"Регулирование деятельности учреждений, обеспечивающих медицинское обслуживание, образование, культурное обслуживание и другие социальные услуги, кроме социального обеспечения",274479100,Западно-Казахстанская область с. ЯНВАРЦЕВО,160,51-100
000440001943,ТАЙПАКСКОЕ ГОСУДАРСТВЕННОЕ УЧРЕЖДЕНИЕ ПО ОХРАНЕ ЛЕСОВ И ЖИВОТНОГО МИРА,84120,"Регулирование деятельности учреждений, обеспечивающих медицинское обслуживание, образование, культурное обслуживание и другие социальные услуги, кроме социального обеспечения",273273100,Западно-Казахстанская область с. ТАЙПАК,160,51-100
000440002070,ЧАПАЕВСКОЕ ГОСУДАРСТВЕННОЕ УЧРЕЖДЕНИЕ ПО ОХРАНЕ ЛЕСОВ И ЖИВОТНОГО МИРА,84120,"Регулирование деятельности учреждений, обеспечивающих медицинское обслуживание, образование, культурное обслуживание и другие социальные услуги, кроме социального обеспечения",273230100,Западно-Казахстанская область с. ЧАПАЕВ,160,51-100
000440002129,БУРЛИНСКОЕ ГОСУДАРСТВЕННОЕ УЧРЕЖДЕНИЕ ПО ОХРАНЕ ЛЕСОВ И ЖИВОТНОГО МИРА,84120,"Регулирование деятельности учреждений, обеспечивающих медицинское обслуживание, образование, культурное обслуживание и другие социальные услуги, кроме социального обеспечения",273620100,Западно-Казахстанская область г. АКСАЙ,160,51-100
000440003484,"КОММУНАЛЬНОЕ ГОСУДАРСТВЕННОЕ УЧРЕЖДЕНИЕ ""СРЕДНЯЯ ШКОЛА СЕЛА БЕРИКТАС"" ГОСУДАРСТВЕННОГО УЧРЕЖДЕНИЯ ""ОТДЕЛА ОБРАЗОВАНИЯ ЖАМБЫЛСКОГО РАЙОНА АЛМАТИНСКОЙ ОБЛАСТИ""",85310,Основное и общее среднее образование,194241100,Алматинская область с. БЕРИКТАС,160,51-100
000540003061,ГОСУДАРСТВЕННОЕ УЧРЕЖДЕНИЕ ТАЛДЫКОРГАНСКОЕ ЛЕСНОЕ ХОЗЯЙСТВА УПРАВЛЕНИЯ ПРИРОДНЫХ РЕСУРСОВ И РЕГУЛИРОВАНИЯ ПРИРОДОПОЛЬЗОВАНИЯ АЛМАТИНСКОЙ ОБЛАСТИ,84130,Регулирование и содействие эффективному ведению экономической деятельности,191010000,Алматинская область г. ТАЛДЫКОРГАН,160,51-100
000540003100,"КОММУНАЛЬНОЕ ГОСУДАРСТВЕННОЕ УЧРЕЖДЕНИЕ ""СРЕДНЯЯ ШКОЛА СЕЛА УЛЬГУЛИ С НАЧАЛЬНОЙ ШКОЛОЙ АКДАЛА"" ГОСУДАРСТВЕННОГО УЧРЕЖДЕНИЯ ""ОТДЕЛА ОБРАЗОВАНИЯ ЖАМБЫЛСКОГО РАЙОНА АЛМАТИНСКОЙ ОБЛАСТИ""",85310,Основное и общее среднее образование,194273100,Алматинская область с. УЛЬГИЛИ,160,51-100
000540003266,"КОММУНАЛЬНОЕ ГОСУДАРСТВЕННОЕ УЧРЕЖДЕНИЕ ""ОСНОВНАЯ СРЕДНЯЯ ШКОЛА СЕЛА ЕНБЕКШИАРАЛ"" ГОСУДАРСТВЕННОГО УЧРЕЖДЕНИЯ ""ОТДЕЛА ОБРАЗОВАНИЯ ЖАМБЫЛСКОГО РАЙОНА АЛМАТИНСКОЙ ОБЛАСТИ""",85310,Основное и общее среднее образование,194253200,Алматинская область с. ЕНБЕКШИАРАЛ,160,51-100
001241003752,КАЗАХСТАНСКИЙ ФИЛИАЛ МОСКОВСКОГО ГОСУДАРСТВЕННОГО УНИВЕРСИТЕТА ИМЕНИ М В ЛОМОНОСОВА,85420,Высшее образование,711110000,"г. Астана РАЙОН ""АЛМАТЫ""",160,51-100
021040003852,"КОММУНАЛЬНОЕ ГОСУДАРСТВЕННОЕ УЧРЕЖДЕНИЕ ""ЖУРАВЛЕВСКАЯ СРЕДНЯЯ ШКОЛА"" АКИМАТА БУЛАНДЫНСКОГО РАЙОНА",85310,Основное и общее среднее образование,114039100,Акмолинская область с. ЖУРАВЛЕВКА,160,51-100
021140003668,"КОММУНАЛЬНОЕ ГОСУДАРСТВЕННОЕ УЧРЕЖДЕНИЕ ""СРЕДНЯЯ ШКОЛА СЕЛА КАЙНАЗАР"" ГОСУДАРСТВЕННОГО УЧРЕЖДЕНИЯ ""ОТДЕЛА ОБРАЗОВАНИЯ ЖАМБЫЛСКОГО РАЙОНА АЛМАТИНСКОЙ ОБЛАСТИ""",85310,Основное и общее среднее образование,194253300,Алматинская область с. КАЙНАЗАР,160,51-100
050940010216,"ТОО ""АКАДЕМИЯ ИСКУССТВ ГОРОДА АСТАНА""",85520,Образование в сфере культуры,711310000,"г. Астана РАЙОН ""САРЫАРКА""",160,51-100
060441013160,"ФИЛИАЛ ""СИГНАЛ"" РЕСПУБЛИКАНСКОГО ГОСУДАРСТВЕННОГО ПРЕДПРИЯТИЯ НА ПРАВЕ ХОЗЯЙСТВЕННОГО ВЕДЕНИЯ ""РЕЗЕРВ"" КОМИТЕТА ПО ГОСУДАРСТВЕННЫМ МАТЕРИАЛЬНЫМ РЕЗЕРВАМ МИНИСТЕРСТВА НАЦИОНАЛЬНОЙ ЭКОНОМИКИ РЕСПУБЛИКИ КАЗАХСТАН",52103,Складирование и хранение продовольственных товаров,271010000,Западно-Казахстанская область г. УРАЛЬСК,160,51-100
071240011592,"КОММУНАЛЬНОЕ ГОСУДАРСТВЕННОЕ КАЗЕННОЕ ПРЕДПРИЯТИЕ ""ДЕТСКИЙ САД ""БОТА"" ГОСУДАРСТВЕННОГО УЧРЕЖДЕНИЯ ""КАРАСАЙСКИЙ РАЙОННЫЙ ОТДЕЛ ОБРАЗОВАНИЯ""",85100,Дошкольное (доначальное) образование,195259100,Алматинская область с. УШКОНЫР,160,51-100
081040002835,"ГОСУДАРСТВЕННОЕ УЧРЕЖДЕНИЕ ""КОМИТЕТ ПО ФИНАНСОВОМУ МОНИТОРИНГУ МИНИСТЕРСТВА ФИНАНСОВ РЕСПУБЛИКИ КАЗАХСТАН""",84111,Деятельность республиканских органов управления,711210000,"г. Астана РАЙОН ""ЕСИЛЬ""",160,51-100
081040010451,"КОММУНАЛЬНОЕ ГОСУДАРСТВЕННОЕ УЧРЕЖДЕНИЕ ""ДОСТЫКСКАЯ СРЕДНЯЯ ШКОЛА С ДОШКОЛЬНЫМ МИНИЦЕНТРОМ"" ГОСУДАРСТВЕННОГО УЧРЕЖДЕНИЯ ""ОТДЕЛ ОБРАЗОВАНИЯ АЛАКОЛЬСКОГО РАЙОНА""",85310,Основное и общее среднее образование,193443100,Алматинская область с. ДОСТЫК,160,51-100
090140007610,"ГОСУДАРСТВЕННОЕ КОММУНАЛЬНОЕ КАЗЕННОЕ ПРЕДПРИЯТИЕ ""ДЕТСКИЙ САД ""БАЛДАУРЕН"" ГОСУДАРСТВЕННОГО УЧРЕЖДЕНИЯ ""ОТДЕЛ ОБРАЗОВАНИЯ ГОРОДА КАПШАГАЙ""",85100,Дошкольное (доначальное) образование,191610000,Алматинская область г. КАПЧАГАЙ,160,51-100
090140017241,"ОБЩЕСТВЕННОЕ ОБЪЕДИНЕНИЕ ""КОНГРЕСС АЗЕРБАЙДЖАНЦЕВ ""ТУРАН""",94990,"Деятельность прочих общественных организаций, не включенных в другие группировки",751710000,г. Алматы МЕДЕУСКИЙ РАЙОН,160,51-100
100540002906,"ЧАСТНОЕ УЧРЕЖДЕНИЕ ""МНОГОПРОФИЛЬНЫЙ КОЛЛЕДЖ ""БОЛАШАК""",85321,Профессионально-техническое образование,151010000,Актюбинская область г. АКТОБЕ,160,51-100
100940010654,"КОММУНАЛЬНОЕ ГОСУДАРСТВЕННОЕ КАЗЕННОЕ ПРЕДПРИЯТИЕ ""ДЕТСКИЙ САД ""АЙГОЛЕК"" ГОРОДА КАСКЕЛЕН ПРИ АКИМАТЕ КАРАСАЙСКОГО РАЙОНА"" ГОСУДАРСТВЕННОГО УЧРЕЖДЕНИЯ ""КАРАСАЙСКИЙ РАЙОННЫЙ ОТДЕЛ ОБРАЗОВАНИЯ""",85100,Дошкольное (доначальное) образование,195220100,Алматинская область г. КАСКЕЛЕН,160,51-100
120240024355,"ТОО ""АЛМАТИНСКАЯ ПТИЦЕФАБРИКА СУНКАР""",01472,Производство яиц,194283200,Алматинская область с. КАСЫМБЕК,160,51-100
120340011149,"ГОСУДАРСТВЕННОЕ КОММУНАЛЬНОЕ ПРЕДПРИЯТИЕ ""МУГАЛЖАРСКАЯ РАЙОННАЯ ВЕТЕРИНАРНАЯ СТАНЦИЯ"" НА ПРАВЕ ХОЗЯЙСТВЕННОГО ВЕДЕНИЯ ГОСУДАРСТВЕННОГО УЧРЕЖДЕНИЯ ""МУГАЛЖАРСКИЙ РАЙОННЫЙ ОТДЕЛ СЕЛЬСКОГО ХОЗЯЙСТВА И ВЕТЕРИНАРИИ""",75000,Ветеринарная деятельность,154820100,Актюбинская область г. КАНДЫАГАШ,160,51-100
120340023043,"ГОСУДАРСТВЕННОЕ КОММУНАЛЬНОЕ ПРЕДПРИЯТИЕ НА ПРАВЕ ХОЗЯЙСТВЕННОГО ВЕДЕНИЯ ""ВЕТЕРИНАРНАЯ СТАНЦИЯ С ВЕТЕРИНАРНЫМИ ПУНКТАМИ"" АКИМАТА КОКСУСКОГО РАЙОНА",75000,Ветеринарная деятельность,194830100,Алматинская область с. БАЛПЫК БИ,160,51-100
120940003813,"КОММУНАЛЬНОЕ ГОСУДАРСТВЕННОЕ УЧРЕЖДЕНИЕ ""ПИДЖИМСКАЯ СРЕДНЯЯ ШКОЛА"" ГОСУДАРСТВЕННОГО УЧРЕЖДЕНИЯ ""ОТДЕЛ ОБРАЗОВАНИЯ ПАНФИЛОВСКОГО РАЙОНА""",85310,Основное и общее среднее образование,195645100,Алматинская область с. ПИДЖИМ,160,51-100
130140022931,"ГОСУДАРСТВЕННОЕ КОММУНАЛЬНОЕ КАЗЕННОЕ ПРЕДПРИЯТИЕ ДЕТСКИЙ САД ""АЙГӨЛЕК"" ГОСУДАРСТВЕННОГО УЧРЕЖДЕНИЯ ""ОТДЕЛА ОБРАЗОВАНИЯ ЖАМБЫЛСКОГО РАЙОНА АЛМАТИНСКОЙ ОБЛАСТИ""",85100,Дошкольное (доначальное) образование,194230200,Алматинская область с. ЖАНАКУРЫЛЫС,160,51-100
130241008073,"ФИЛИАЛ ДОЧЕРНЕГО БАНКА АКЦИОНЕРНОГО ОБЩЕСТВА ""ХОУМ КРЕДИТ ЭНД ФИНАНС БАНК"" В ГОРОДЕ АКТАУ",64191,"Деятельность банков, вексельных контор",471010000,Мангистауская область г. АКТАУ,160,51-100
130640007956,"ГОСУДАРСТВЕННОЕ КОММУНАЛЬНОЕ КАЗЕННОЕ ПРЕДПРИЯТИЕ ""ДЕТСКИЙ САД ""АҚДИДАР"" ГОСУДАРСТВЕННОГО УЧРЕЖДЕНИЯ ""ОТДЕЛ ОБРАЗОВАНИЯ ГОРОДА КАПШАГАЙ""",85100,Дошкольное (доначальное) образование,191610000,Алматинская область г. КАПЧАГАЙ,160,51-100
130640019018,"РЕСПУБЛИКАНСКОЕ ОБЩЕСТВЕННОЕ ОБЪЕДИНЕНИЕ ""КАЗАХСТАНСКОЕ СООБЩЕСТВО ХАДЖИ""",94990,"Деятельность прочих общественных организаций, не включенных в другие группировки",711310000,"г. Астана РАЙОН ""САРЫАРКА""",160,51-100
131040016594,ПАЛАТА ПРЕДПРИНИМАТЕЛЕЙ ПАВЛОДАРСКОЙ ОБЛАСТИ,94120,Деятельность профессиональных организаций,551010000,Павлодарская область г. ПАВЛОДАР,160,51-100
131040017716,ПАЛАТА ПРЕДПРИНИМАТЕЛЕЙ КЫЗЫЛОРДИНСКОЙ ОБЛАСТИ,94990,"Деятельность прочих общественных организаций, не включенных в другие группировки",431010000,Кызылординская область г. КЫЗЫЛОРДА,160,51-100
131040018190,ПАЛАТА ПРЕДПРИНИМАТЕЛЕЙ АКТЮБИНСКОЙ ОБЛАСТИ,94120,Деятельность профессиональных организаций,151010000,Актюбинская область г. АКТОБЕ,160,51-100
131040024621,ПАЛАТА ПРЕДПРИНИМАТЕЛЕЙ АТЫРАУСКОЙ ОБЛАСТИ,94990,"Деятельность прочих общественных организаций, не включенных в другие группировки",231010000,Атырауская область г. АТЫРАУ,160,51-100
131041000023,"УРАЛЬСКИЙ ФИЛИАЛ РЕСПУБЛИКАНСКОГО ГОСУДАРСТВЕННОГО ПРЕДПРИЯТИЯ НА ПРАВЕ ХОЗЯЙСТВЕННОГО ВЕДЕНИЯ ""КАЗАЭРОНАВИГАЦИЯ"" КОМИТЕТА ГРАЖДАНСКОЙ АВИАЦИИ МИНИСТЕРСТВА ПО ИНВЕСТИЦИЯМ И РАЗВИТИЮ РЕСПУБЛИКИ КАЗАХСТАН",52231,Регулирование использования воздушного пространства,276269100,Западно-Казахстанская область с. HОВАЯ ЖИЗНЬ,160,51-100
140740007456,"РЕСПУБЛИКАНСКОЕ ГОСУДАРСТВЕННОЕ УЧРЕЖДЕНИЕ ""ҚОҒАМДЫҚ КЕЛІСІМ"" ПРИ ПРЕЗИДЕНТЕ РЕСПУБЛИКИ КАЗАХСТАН",70210,Деятельность по взаимоотношениям и связью с общественностью,711210000,"г. Астана РАЙОН ""ЕСИЛЬ""",160,51-100
141040016066,"КОММУНАЛЬНОЕ ГОСУДАРСТВЕННОЕ УЧРЕЖДЕНИЕ ""НОВАЯ КАЗАХСКАЯ СРЕДНЯЯ ШКОЛА НА СТАНЦИИ ШАМАЛГАН"" ГОСУДАРСТВЕННОГО УЧРЕЖДЕНИЯ ""КАРАСАЙСКИЙ РАЙОННЫЙ ОТДЕЛ ОБРАЗОВАНИЯ""",85310,Основное и общее среднее образование,195237100,Алматинская область СТ.ШАМАЛГАН,160,51-100
150440022946,"ГОСУДАРСТВЕННОЕ КОММУНАЛЬНОЕ ПРЕДПРИЯТИЕ НА ПРАВЕ ХОЗЯЙСТВЕННОГО ВЕДЕНИЯ ""ОБЛАСТНОЙ ДЕТСКИЙ РЕАБИЛИТАЦИОННЫЙ ЦЕНТР ""КАРАКЫСТАК"" ГОСУДАРСТВЕННОГО УЧРЕЖДЕНИЯ ""УПРАВЛЕНИЕ ЗДРАВООХРАНЕНИЯ АЛМАТИНСКОЙ ОБЛАСТИ""",86109,"Деятельность других лечебных учреждений, имеющих стационары",194251100,Алматинская область с. КАРАКАСТЕК,160,51-100
150541014032,"ФИЛИАЛ ТОВАРИЩЕСТВА С ОГРАНИЧЕННОЙ ОТВЕТСТВЕННОСТЬЮ ""АСТ МҰНАЙ СЕРВИС"" В ГОРОДЕ УРАЛЬСК",78300,Деятельность прочих организаций по работе с персоналом,276253100,Западно-Казахстанская область с. ПОДСТЕПНОЕ,160,51-100
150640018340,"ТОО ""ФИРКРОФТ КЗ""",70220,Консультирование по вопросам коммерческой деятельности и управления,231010000,Атырауская область г. АТЫРАУ,160,51-100
150640019498,"ТОО ""JDSMART ENGINEERING""(ДЖЕЙДИСМАРТ ИНЖИНИРИНГ)",33200,Монтаж промышленной техники и оборудования,751410000,г. Алматы БОСТАНДЫКСКИЙ РАЙОН,160,51-100
150640019676,"ТОО ""ЮРИДИЧЕСКОЕ АГЕНТСТВО ""ПРАВОЗАЩИТА""",96090,"Предоставление прочих услуг, не включенных в другие группировки",751710000,г. Алматы МЕДЕУСКИЙ РАЙОН,160,51-100
150640022448,"ТОО ""САРЫАРКА БАЗАЛЬТ""",64200,Деятельность холдинговых компаний,351013100,Карагандинская область РАЙОН ИМ.КАЗЫБЕК БИ,160,51-100
150640022606,"ТОО ""PIPE-PLAST COMPANY""",32999,Производство прочих изделий,196830100,Алматинская область с. ОТЕГЕН БАТЫРА,160,51-100
150640022725,"ГОСУДАРСТВЕННОЕ КОММУНАЛЬНОЕ КАЗЕННОЕ ПРЕДПРИЯТИЕ ЯСЛИ-САД ""АЛТЫН ҰЯ"" ЖАНИБЕКСКОГО РАЙОННОГО ОТДЕЛА ОБРАЗОВАНИЯ",85100,Дошкольное (доначальное) образование,274230100,Западно-Казахстанская область с. ЖАНИБЕК,160,51-100
150640022795,"ТОО ""МОНТАЖСБЫТ""",46909,Оптовая торговля широким ассортиментом товаров без какой-либо конкретизации,751410000,г. Алматы БОСТАНДЫКСКИЙ РАЙОН,160,51-100
400440000027,"КОММУНАЛЬНОЕ ГОСУДАРСТВЕННОЕ УЧРЕЖДЕНИЕ ""СРЕДНЯЯ ШКОЛА ИМЕНИ СУЮНБАЯ С УШБУЛАКСКОЙ НАЧАЛЬНОЙ ШКОЛОЙ"" ГОСУДАРСТВЕННОГО УЧРЕЖДЕНИЯ ""ОТДЕЛА ОБРАЗОВАНИЯ ЖАМБЫЛСКОГО РАЙОНА АЛМАТИНСКОЙ ОБЛАСТИ""",85310,Основное и общее среднее образование,194251100,Алматинская область с. КАРАКАСТЕК,160,51-100
550940000015,"КОММУНАЛЬНОЕ ГОСУДАРСТВЕННОЕ УЧРЕЖДЕНИЕ ""СРЕДНЯЯ ШКОЛА СЕЛА КАСЫМБЕК"" ГОСУДАРСТВЕННОГО УЧРЕЖДЕНИЯ ""ОТДЕЛА ОБРАЗОВАНИЯ ЖАМБЫЛСКОГО РАЙОНА АЛМАТИНСКОЙ ОБЛАСТИ""",85310,Основное и общее среднее образование,194283200,Алматинская область с. КАСЫМБЕК,160,51-100
560740000011,"КОММУНАЛЬНОЕ ГОСУДАРСТВЕННОЕ УЧРЕЖДЕНИЕ ""СРЕДНЯЯ ШКОЛА СЕЛА АКСЕНГИР С КОКДАЛИНСКОЙ НАЧАЛЬНОЙ ШКОЛОЙ"" ГОСУДАРСТВЕННОГО УЧРЕЖДЕНИЯ ""ОТДЕЛА ОБРАЗОВАНИЯ ЖАМБЫЛСКОГО РАЙОНА АЛМАТИНСКОЙ ОБЛАСТИ""",85310,Основное и общее среднее образование,194237100,Алматинская область с. АКСЕНГИР,160,51-100
630740000035,"КОММУНАЛЬНОЕ ГОСУДАРСТВЕННОЕ УЧРЕЖДЕНИЕ ""СРЕДНЯЯ ШКОЛА СЕЛА ШИЕН С КОГАМШЫЛСКОЙ НАЧАЛЬНОЙ ШКОЛОЙ И ПРИШКОЛЬНЫМ ИНТЕРНАТОМ"" ГОСУДАРСТВЕННОГО УЧРЕЖДЕНИЯ ""ОТДЕЛА ОБРАЗОВАНИЯ ЖАМБЫЛСКОГО РАЙОНА АЛМАТИНСКОЙ ОБЛАСТИ""",85310,Основное и общее среднее образование,194281100,Алматинская область с. ШИЕН,160,51-100
640640000013,"КОММУНАЛЬНОЕ ГОСУДАРСТВЕННОЕ УЧРЕЖДЕНИЕ ""СРЕДНЯЯ ШКОЛА АЙДАРЛЫ С ДОШКОЛЬНЫМ МИНИ ЦЕНТРОМ"" ГОСУДАРСТВЕННОГО УЧРЕЖДЕНИЯ ""ОТДЕЛ ОБРАЗОВАНИЯ ПАНФИЛОВСКОГО РАЙОНА""",85310,Основное и общее среднее образование,195633100,Алматинская область с. АЙДАРЛЫ,160,51-100
650940000046,"КОММУНАЛЬНОЕ ГОСУДАРСТВЕННОЕ УЧРЕЖДЕНИЕ ""СРЕДНЯЯ ШКОЛА ИМЕНИ УШИНСКОГО"" ГОСУДАРСТВЕННОГО УЧРЕЖДЕНИЯ ""КАРАСАЙСКИЙ РАЙОННЫЙ ОТДЕЛ ОБРАЗОВАНИЯ""",85310,Основное и общее среднее образование,195253500,Алматинская область с. КЫРГАУЫЛДЫ,160,51-100
660940000058,"КОММУНАЛЬНОЕ ГОСУДАРСТВЕННОЕ УЧРЕЖДЕНИЕ ""СРЕДНЯЯ ШКОЛА ИМЕНИ ЖАНГЕЛЬДИНА С НАЧАЛЬНОЙ ШКОЛОЙ КАРААРША"" ГОСУДАРСТВЕННОГО УЧРЕЖДЕНИЯ ""ОТДЕЛА ОБРАЗОВАНИЯ ЖАМБЫЛСКОГО РАЙОНА АЛМАТИНСКОЙ ОБЛАСТИ""",85310,Основное и общее среднее образование,194245200,Алматинская область с. БЕСМОЙНАК,160,51-100
670140000040,"КОММУНАЛЬНОЕ ГОСУДАРСТВЕННОЕ УЧРЕЖДЕНИЕ ""СРЕДНЯЯ ШКОЛА ИМЕНИ ЖАПСАРБАЕВА"" ГОСУДАРСТВЕННОГО УЧРЕЖДЕНИЯ ""ОТДЕЛ ОБРАЗОВАНИЯ КОКСУСКОГО РАЙОНА""",85310,Основное и общее среднее образование,194853100,Алматинская область с. МУКРЫ,160,51-100
670340000058,"КОММУНАЛЬНОЕ ГОСУДАРСТВЕННОЕ УЧРЕЖДЕНИЕ ""АЛГАБАССКАЯ СРЕДНЯЯ ШКОЛА"" ГОСУДАРСТВЕННОГО УЧРЕЖДЕНИЯ ""ОТДЕЛ ОБРАЗОВАНИЯ КОКСУСКОГО РАЙОНА""",85310,Основное и общее среднее образование,194835100,Алматинская область с. АЛГАБАС,160,51-100
770340000039,"КОММУНАЛЬНОЕ ГОСУДАРСТВЕННОЕ УЧРЕЖДЕНИЕ ""АУЛИЕАГАШСКАЯ СРЕДНЯЯ ШКОЛА С ДОШКОЛЬНЫМ МИНИ ЦЕНТРОМ"" ГОСУДАРСТВЕННОГО УЧРЕЖДЕНИЯ ""ОТДЕЛ ОБРАЗОВАНИЯ ПАНФИЛОВСКОГО РАЙОНА""",85310,Основное и общее среднее образование,195653100,Алматинская область с. АУЛИЕАГАШ,160,51-100
780340000030,"КОММУНАЛЬНОЕ ГОСУДАРСТВЕННОЕ УЧРЕЖДЕНИЕ ""СРЕДНЯЯ ШКОЛА ИМЕНИ ЖАМБЫЛА С ДОШКОЛЬНЫМ МИНИ ЦЕНТРОМ"" ГОСУДАРСТВЕННОГО УЧРЕЖДЕНИЯ ""ОТДЕЛ ОБРАЗОВАНИЯ ПАНФИЛОВСКОГО РАЙОНА""",85310,Основное и общее среднее образование,195639200,Алматинская область с. АКЖАЗЫК,160,51-100
780440000044,"КОММУНАЛЬНОЕ ГОСУДАРСТВЕННОЕ УЧРЕЖДЕНИЕ ""СРЕДНЯЯ ШКОЛА ИМЕНИ САТАЙ БАТЫРА"" ГОСУДАРСТВЕННОГО УЧРЕЖДЕНИЯ ""ОТДЕЛ ОБРАЗОВАНИЯ ПАНФИЛОВСКОГО РАЙОНА""",85310,Основное и общее среднее образование,195647300,Алматинская область с. ТУРПАН,160,51-100
820340000010,"КОММУНАЛЬНОЕ ГОСУДАРСТВЕННОЕ УЧРЕЖДЕНИЕ ""СРЕДНЯЯ ШКОЛА ИМЕНИ ЕЛТИНДЫ БАТЫРА"" ГОСУДАРСТВЕННОГО УЧРЕЖДЕНИЯ ""ОТДЕЛ ОБРАЗОВАНИЯ ПАНФИЛОВСКОГО РАЙОНА""",85310,Основное и общее среднее образование,195635200,Алматинская область с. АЛМАЛЫ,160,51-100
821240000036,"КОММУНАЛЬНОЕ ГОСУДАРСТВЕННОЕ УЧРЕЖДЕНИЕ ""ТАЛАПТИНСКАЯ СРЕДНЯЯ ШКОЛА"" ГОСУДАРСТВЕННОГО УЧРЕЖДЕНИЯ ""ОТДЕЛ ОБРАЗОВАНИЯ КОКСУСКОГО РАЙОНА""",85310,Основное и общее среднее образование,194847400,Алматинская область с. ТАЛАПТЫ,160,51-100
870540000037,"КОММУНАЛЬНОЕ ГОСУДАРСТВЕННОЕ УЧРЕЖДЕНИЕ ""ЖАРКЕНТСКАЯ СРЕДНЯЯ ШКОЛА"" ГОСУДАРСТВЕННОГО УЧРЕЖДЕНИЯ ""ОТДЕЛ ОБРАЗОВАНИЯ ПАНФИЛОВСКОГО РАЙОНА""",85310,Основное и общее среднее образование,195655300,Алматинская область с. КЫРЫККУДЫК,160,51-100
890940000035,"КОММУНАЛЬНОЕ ГОСУДАРСТВЕННОЕ УЧРЕЖДЕНИЕ ""СРЕДНЯЯ ШКОЛА ИМЕНИ АБДОЛЛЫ КАРСАКБАЕВА"" ГОСУДАРСТВЕННОГО УЧРЕЖДЕНИЯ ""ОТДЕЛА ОБРАЗОВАНИЯ ЖАМБЫЛСКОГО РАЙОНА АЛМАТИНСКОЙ ОБЛАСТИ""",85310,Основное и общее среднее образование,194230200,Алматинская область с. ЖАНАКУРЫЛЫС,160,51-100
910440000122,"КОММУНАЛЬНОЕ ГОСУДАРСТВЕННОЕ УЧРЕЖДЕНИЕ ""СРЕДНЯЯ ШКОЛА СЕЛА ЫНТЫМАК"" ГОСУДАРСТВЕННОГО УЧРЕЖДЕНИЯ ""ОТДЕЛА ОБРАЗОВАНИЯ ЖАМБЫЛСКОГО РАЙОНА АЛМАТИНСКОЙ ОБЛАСТИ""",85310,Основное и общее среднее образование,194230300,Алматинская область с. ЫНТЫМАК,160,51-100
950240001091,"КОММУНАЛЬНОЕ ГОСУДАРСТВЕННОЕ УЧРЕЖДЕНИЕ ""ГИМНАЗИЯ ГОРОДА БАЛХАШ"" ГОСУДАРСТВЕННОГО УЧРЕЖДЕНИЯ ""ОТДЕЛ ОБРАЗОВАНИЯ ГОРОДА БАЛХАШ""",85310,Основное и общее среднее образование,351610000,Карагандинская область г. БАЛХАШ,160,51-100
950241002154,КАРАГАНДИНСКИЙ ОБЛАСТНОЙ ФИЛИАЛ ОБЩЕСТВЕННОГО ОБЪЕДИНЕНИЯ ОБЩЕСТВА КРАСНОГО ПОЛУМЕСЯЦА РЕСПУБЛИКИ КАЗАХСТАН,94990,"Деятельность прочих общественных организаций, не включенных в другие группировки",351013100,Карагандинская область РАЙОН ИМ.КАЗЫБЕК БИ,160,51-100
960340008552,ИНСТИТУТ ЭКОЛОГИИ НАРОДНОЙ АКАДЕМИИ КАЗАХСТАНА,72190,Прочие исследования и разработки в области естественных наук и инженерии,751710000,г. Алматы МЕДЕУСКИЙ РАЙОН,160,51-100
960640004815,АЛМАТИНСКАЯ ОБЛАСТНАЯ СТОМАТОЛОГИЧЕСКАЯ ПОЛИКЛИНИКА ТАЛГАРСКОГО РАЙОНА,86230,Стоматологическая деятельность,196220100,Алматинская область г. ТАЛГАР,160,51-100
960840000403,"ГОСУДАРСТВЕННОЕ КОММУНАЛЬНОЕ КАЗЕННОЕ ПРЕДПРИЯТИЕ ""КОКСУСКИЙ ПОЛИТЕХНИЧЕСКИЙ КОЛЛЕДЖ"" ГОСУДАРСТВЕННОГО УЧРЕЖДЕНИЯ ""УПРАВЛЕНИЕ ОБРАЗОВАНИЯ АЛМАТИНСКОЙ ОБЛАСТИ""",85321,Профессионально-техническое образование,194849100,Алматинская область СТ.КОКСУ,160,51-100
961240000315,"КОММУНАЛЬНОЕ ГОСУДАРСТВЕННОЕ УЧРЕЖДЕНИЕ ""ЖАНААУЛЬСКАЯ СРЕДНЯЯ ОБЩЕОБРАЗОВАТЕЛЬНАЯ ШКОЛА ЭСТЕТИЧЕСКОГО НАПРАВЛЕНИЯ ОТДЕЛА ОБРАЗОВАНИЯ АКИМАТА АМАНГЕЛЬДИНСКОГО РАЙОНА""",85310,Основное и общее среднее образование,393465100,Костанайская область с. УРПЕК,160,51-100
961240000355,"КОММУНАЛЬНОЕ ГОСУДАРСТВЕННОЕ УЧРЕЖДЕНИЕ ""ЖАСБУЫНСКАЯ СРЕДНЯЯ ОБЩЕОБРАЗОВАТЕЛЬНАЯ ШКОЛА ОТДЕЛА ОБРАЗОВАНИЯ АКИМАТА АМАНГЕЛЬДИНСКОГО РАЙОНА",85310,Основное и общее среднее образование,393459100,Костанайская область с. КАРАСУ,160,51-100
970140003444,"КОММУНАЛЬНОЕ ГОСУДАРСТВЕННОЕ УЧРЕЖДЕНИЕ ""СРЕДНЯЯ ШКОЛА ИМЕНИ КОЖБАНБЕТ БИ"" ГОСУДАРСТВЕННОГО УЧРЕЖДЕНИЯ ""ОТДЕЛ ОБРАЗОВАНИЯ ПАНФИЛОВСКОГО РАЙОНА""",85310,Основное и общее среднее образование,195643100,Алматинская область с. КОНЫРОЛЕН,160,51-100
970240003309,"КОММУНАЛЬНОЕ ГОСУДАРСТВЕННОЕ УЧРЕЖДЕНИЕ ""АВАТСКАЯ СРЕДНЯЯ ШКОЛА С ДОШКОЛЬНЫМ МИНИ ЦЕНТРОМ"" ГОСУДАРСТВЕННОГО УЧРЕЖДЕНИЯ ""ОТДЕЛ ОБРАЗОВАНИЯ ПАНФИЛОВСКОГО РАЙОНА""",85310,Основное и общее среднее образование,195645200,Алматинская область с. АВАТ,160,51-100
980340000459,"КОММУНАЛЬНОЕ ГОСУДАРСТВЕННОЕ УЧЕРЕЖДЕНИЕ ""АМАНТОГАЙСКАЯ СРЕДНЯЯ ОБЩЕОБРАЗОВАТЕЛЬНАЯ ШКОЛА ОТДЕЛА ОБРАЗОВАНИЯ АКИМАТА АМАНГЕЛЬДИНСКОГО РАЙОНА""",85310,Основное и общее среднее образование,393437100,Костанайская область с. АМАНТОГАЙ,160,51-100
980340002237,АТЫРАУСКАЯ ОБЛАСТНАЯ КОЛЛЕГИЯ АДВОКАТОВ,94120,Деятельность профессиональных организаций,231010000,Атырауская область г. АТЫРАУ,160,51-100
980742003538,РЕГИОНАЛЬНОЕ ПРЕДСТАВИТЕЛЬСТВО ПО ГОРОДУ КАРАГАНДА ИСПОЛНИТЕЛЬНОЙ ДИРЕКЦИИ СОВЕТА ПО ОРГАНИЗАЦИИ И ПРОВЕДЕНИЮ НАЦИОНАЛЬНОЙ ЛОТЕРЕИ РЕСПУБЛИКИ КАЗАХСТАН,94110,Деятельность коммерческих и предпринимательских организаций,351013100,Карагандинская область РАЙОН ИМ.КАЗЫБЕК БИ,160,51-100
980840001386,"ГОСУДАРСТВЕННОЕ УЧРЕЖДЕНИЕ ""ОТДЕЛ ВНУТРЕННИХ ДЕЛ МЕНДЫКАРИНСКОГО РАЙОНА ДЕПАРТАМЕНТА ВНУТРЕННИХ ДЕЛ КОСТАНАЙСКОЙ ОБЛАСТИ МИНИСТЕРСТВА ВНУТРЕННИХ ДЕЛ РЕСПУБЛИКИ КАЗАХСТАН""",84240,Деятельность по обеспечению общественного порядка и безопасности,395630100,Костанайская область с. БОРОВСКОЙ,160,51-100
980842015406,РЕГИОНАЛЬНОЕ ПРЕДСТАВИТЕЛЬСТВО ПО ГОРОДУ АСТАНА ИСПОЛНИТЕЛЬНОЙ ДИРЕКЦИИ СОВЕТА НАЦИОНАЛЬНОЙ ЛОТЕРЕИ В РЕСПУБЛИКЕ КАЗАХСТАН,92000,Деятельность по организации азартных игр и заключению пари,711310000,"г. Астана РАЙОН ""САРЫАРКА""",160,51-100
990241009317,"ФИЛИАЛ ""БАЛХАШ"" РЕСПУБЛИКАНСКОГО ГОСУДАРСТВЕННОГО ПРЕДПРИЯТИЯ НА ПРАВЕ ХОЗЯЙСТВЕННОГО ВЕДЕНИЯ ""РЕЗЕРВ"" КОМИТЕТА ПО ГОСУДАРСТВЕННЫМ МАТЕРИАЛЬНЫМ РЕЗЕРВАМ МИНИСТЕРСТВА НАЦИОНАЛЬНОЙ ЭКОНОМИКИ РЕСПУБЛИКИ КАЗАХСТАН",52102,"Складирование и хранение непродовольственных товаров, кроме зерна",632810000,Восточно-Казахстанская область г. СЕМЕЙ,160,51-100
990440004853,"ГОСУДАРСТВЕННОЕ КОММУНАЛЬНОЕ КАЗЕННОЕ ПРЕДПРИЯТИЕ ""САРКАНСКИЙ ГУМАНИТАРНЫЙ КОЛЛЕДЖ"" ГОСУДАРСТВЕННОГО УЧРЕЖДЕНИЯ ""УПРАВЛЕНИЕ ОБРАЗОВАНИЯ АЛМАТИНСКОЙ ОБЛАСТИ""",85321,Профессионально-техническое образование,196020100,Алматинская область г. САРКАНД,160,51-100
991140002056,"ГОСУДАРСТВЕННОЕ УЧРЕЖДЕНИЕ ""ОТДЕЛ ВНУТРЕННИХ ДЕЛ ЕНБЕКШИЛЬДЕРСКОГО РАЙОНА ДЕПАРТАМЕНТА ВНУТРЕННИХ ДЕЛ АКМОЛИНСКОЙ ОБЛАСТИ МИНИСТЕРСТВА ВНУТРЕННИХ ДЕЛ РЕСПУБЛИКИ КАЗАХСТАН""",84240,Деятельность по обеспечению общественного порядка и безопасности,114520100,Акмолинская область г. СТЕПНЯК,160,51-100
991240003513,"КОММУНАЛЬНОЕ ГОСУДАРСТВЕННОЕ УЧРЕЖДЕНИЕ ""ОБЩЕОБРАЗОВАТЕЛЬНАЯ СМЕШАННАЯ СРЕДНЯЯ ШКОЛА ИНТЕРНАТ ЖЕЗДЫ"" ОТДЕЛА ОБРАЗОВАНИЯ УЛЫТАУСКОГО РАЙОНА АКИМАТА УЛЫТАУСКОГО РАЙОНА",85310,Основное и общее среднее образование,356043100,Карагандинская область П.ЖЕЗДЫ,160,51-100
991240004185,"КОММУНАЛЬНОЕ ГОСУДАРСТВЕННОЕ УЧРЕЖДЕНИЕ ""КОРГАССКАЯ СРЕДНЯЯ ШКОЛА"" ГОСУДАРСТВЕННОГО УЧРЕЖДЕНИЯ ""ОТДЕЛ ОБРАЗОВАНИЯ ПАНФИЛОВСКОГО РАЙОНА""",85310,Основное и общее среднее образование,195645400,Алматинская область с. ХОРГОС,160,51-100
БИН,Наименование предприятия,ОКЭД,Вид деятельности организации,КАТО,Населённый пункт,КРП,Размер компании
000240002706,"ТОО ""ДОЧЕРНЯЯ ОРГАНИЗАЦИЯ КИТАЙСКОЙ НЕФТЯНОЙ ИНЖЕНЕРНО-СТРОИТЕЛЬНОЙ ГРУППЫ""",42219,Строительство прочих распределительных инженерных сооружений,751710000,г. Алматы МЕДЕУСКИЙ РАЙОН,311,от 1001 чел.
010740001371,"АО ""НГСК КАЗСТРОЙСЕРВИС""",42120,Строительство железных дорог и метро,751410000,г. Алматы БОСТАНДЫКСКИЙ РАЙОН,311,от 1001 чел.
020441006983,"АЛМАТИНСКИЙ ФИЛИАЛ №1 АКЦИОНЕРНОГО ОБЩЕСТВА ""НГСК КАЗСТРОЙСЕРВИС""",42219,Строительство прочих распределительных инженерных сооружений,751410000,г. Алматы БОСТАНДЫКСКИЙ РАЙОН,311,от 1001 чел.
051040013032,"ТОО ""KUAT ГРАДСТРОЙ АЛМАТЫ""",41201,Строительство жилых зданий,751710000,г. Алматы МЕДЕУСКИЙ РАЙОН,311,от 1001 чел.
051140000163,"ТОО ""КОРПОРАЦИЯ ""MAG""",42990,"Строительство прочих инженерных сооружений, не включенных в другие группировки",751410000,г. Алматы БОСТАНДЫКСКИЙ РАЙОН,311,от 1001 чел.
940440000613,"АО ""АЛМАТЫМЕТРОКУРЫЛЫС""",43991,Строительство шахт,751710000,г. Алматы МЕДЕУСКИЙ РАЙОН,311,от 1001 чел.
940940000691,"АО ""ЭЛЕКТРОМОНТАЖ""",41202,Строительство нежилых зданий,751410000,г. Алматы БОСТАНДЫКСКИЙ РАЙОН,311,от 1001 чел.
970340000566,"АО ""МЕХСТРОЙСЕРВИС""",41201,Строительство жилых зданий,751310000,г. Алматы АУЭЗОВСКИЙ РАЙОН,311,от 1001 чел.
980540001197,"ТОО ""СТРОИТЕЛЬНАЯ КОМПАНИЯ ""БАЗИС""",41201,Строительство жилых зданий,751410000,г. Алматы БОСТАНДЫКСКИЙ РАЙОН,311,от 1001 чел.
